area,key,de-DE
NPOprofile,account,Konto
NPOprofile,accountNumber,Kontonummer
NPOprofile,addAContact,Kontakt hinzufügen
NPOprofile,addASocialLink,Soziales Netzwerk hinzufügen
NPOprofile,bankInfo,Bankinformationen
NPOprofile,bankName,Name der Bank
NPOprofile,bankNamePlaceholder,Der volle rechtliche Name Ihrer Bank
common,contacts,Kontakte
NPOprofile,displayName,Name anzeigen
NPOprofile,displayNamePlaceholder,Zeigen Sie den Namen Ihrer Organisation an
NPOprofile,emailPlaceholder,info@oursite.com
NPOprofile,informationEmail,Informations-E-Mail
NPOprofile,informationNumber,Informations-Nummer
NPOprofile,link,Link
NPOprofile,mailingAddress,Postanschrift
NPOprofile,mailingAddressPlaceholder,"101 East Main St, Charleston SC, USA"
NPOprofile,mission,Mission
NPOprofile,nameOnAccount,Kontoname / akzeptierbarer Zahlungsempfänger
NPOprofile,orgInfo,Organisations- Info
NPOprofile,phonePlaceholder,(646) 580-6284
NPOprofile,routingNumber,Routing-Nummer
NPOprofile,shortMissionPlaceholder,Kurze Beschreibung Ihrer Organisation oder Mission
NPOprofile,type,Art
NPOprofile,webAddress,Adresse der Webseite
NPOprofile,webAddressPlaceholder,http://www.my-organization.com
NPOprofile,updateBankInfo,Aktualisieren Sie die Bankinformationen
NPOprofile,updateOrgInfo,Aktualisieren Sie die Organisations-Informationen
account,confirmPW,Bestätigen Sie das Passwort
account,confirmPWPlaceholder,Passwort erneut eingeben
account,confirmRegistration,Bestätigen Sie Ihre Registrierung
account,createAccount,Legen Sie ein Konto an
account,emailAddress,E-Mail-Adresse
account,emailPlaceholder,Geben Sie die E-Mail-Adresse ein
account,employeeId,Mitarbeiter-Steuer-ID
account,firstName,Vorname
account,firstNamePlaceholder,Vorname
account,forgetPassword,Ich habe mein Passwort vergessen ...
account,forgotPasswordInstructions,"Wenn Sie Ihr Passwort vergessen haben, müssen Sie es zurücksetzen. Geben Sie die mit Ihrem Konto verbundene E-Mail-Adresse ein und klicken Sie"
account,formInstructions,"Tragen Sie die folgenden Informationen ein, um Ihr Konto anzulegen"
account,lastName,Nachname
account,lastNamePlaceholder,Nachname
account,login,Anmelden
account,password,Passwort
account,passwordPlaceholder,Geben Sie Ihr Passwort ein
account,passwordPopOver,Ihr Passwort muss mindestens 6 Zeichen lang sein und mindestens einen (1) Klein- und einen (1) GROSSBUCHSTABEN enthalten sowie mindestens 1 Zahl und 1 Satzzeichen.
account,passwordReset,Das Passwort wurde erfolgreich zurückgesetzt. überprüfen Sie bitte Ihre E-Mail.
account,remember,An meinen Benutzernamen erinnern
account,resetPW,Setz mein Passwort zurück
account,returnToSignin,Geh zur Anmelde-Seite zurück
account,signin,Anmelden
account,signout,Abmelden
account,userExistsError,Diese E-Mail-Adresse ist in unserem System bereits vorhanden.
account,userNotFound,Wir konnten diese E-Mail-Adresse in unserem System nicht finden.
apply,addContacts,Kontakte hinzufügen
apply,cancel,Löschen
apply,change,Ändern
apply,contactEmail,E-Mail
apply,contactName,Name
apply,contactPhone,Telefon
apply,contacts,Kontakte
apply,details,Details
apply,form,Formular
apply,myNonprofits,Meine Organisation
apply,newContact,Neuer Kontakt
apply,nonprofit,Organisation
apply,nonprofitContacts,Organisations-Kontakte
apply,save,Speichern
apply,saveAndContinue,Speichern und fortfahren
apply,select,Wählen
apply,selectContacts,Kontakte wählen
apply,selectContactsInstructions,"Wählen Sie die Organisations-Kontakte aus, um sie dieser Anwendungssoftware hinzuzufügen"
apply,selected,Gewählt
apply,selectNonprofit,Wählen Sie eine Organisation
common,about,Über
common,actions,Aktionen
common,add,Hinzufügen
common,address,Adresse
common,allCoworkers,Alle Mitarbeiter
common,amFollowing,Ich folge
common,amount,Betrag
common,anonymous,Anonymus
common,apply,Anwenden
common,assignmentSelector,"Wählen Sie bitte ein Aufgabengebiet, der Sie Koordinatoren hinzufügen möchten:"
common,attended,Besucht
common,authDashboard,Dashboard
common,back,Zurück
common,byInitiative,Nach Initiative
common,byOrganization,Nach Organisation
common,byProgram,Nach Programm
common,cancel,Löschen
common,clear,Streichen
common,clickHere,Hier klicken
common,close,Schließen
common,companyImpact,Auswirkung auf das Unternehmen
common,companyInitiatives,Initiativen des Unternehmens
common,congratulationsMessage,Herzlichen Glückwunsch! Sie erhielten eine Zahlung über
common,contact,Kontakt
common,coworker,Mitarbeiter
common,coworkers,Mitarbeiter
common,createdAt,Erstellt am
common,cycleOpen,Zyklus offen
common,date,Datum
common,dateFormat,dd.mm.yyyy HH:ii
common,datePlaceholder,MM/TT/JJ
common,dashboard,Dashboard
common,delete,Löschen
common,details,Details
common,disabled,Deaktiviert
common,documentUpload,Dokument-Upload
common,dollars,Dollar
common,donateNowButton,Jetzt spenden
common,edit,Bearbeiten
common,email,E-Mail
common,employeeParticipation,Mitarbeiterbeteiligung
common,endDate,End-Datum
common,endTime,Endzeit
common,event,Projekt
common,faq,FAQ
common,faqLong,Häufig gestellte Fragen
common,faqs,FAQs
common,friends,Freunde
common,friendsFamily,Freunde und Verwandte
common,give,Geben
common,giveLater,Ich spende später
common,giveNow,Spenden Sie jetzt!
common,giving,Spenden
common,givingHistory,Spenden-Vergangenheit
common,goals,Ziele
common,grant,Beihilfe
common,group,Gruppe
common,groupGiving,Gruppenspende!
common,groupImpact,Auswirkung der Gruppe
common,groups,Gruppen
common,haveSupported,Ich habe unterstützt
common,help,Hilfe!
common,here,hier
common,historyDoesNotExist,Es gibt keine Vergangenheit
common,hi,Hallo
common,home,Start
common,hours,Stunden
common,impact,Auswirkung
common,initiative,Initiative
common,information,Information
common,instructions,Anweisungen
common,invite,Einladen
common,inviteOnly,Nur einladen
common,in,in
common,join,Beitreten
common,learnMore,Mehr erfahren
common,less,Weniger
common,makeadonation,Leiste eine Spende!
common,matching,Passend
common,matchingGifts,Passende Geschenke
common,message,Mitteilung
common,messages,Mitteilungen
common,messaging,Mitteilungen senden
common,mobilePhone,Mobiltelefon
common,more,Mehr
common,moreInfo,Mehr Informationen
common,mygiving,Meine Spenden
common,myimpact,Meine Auswirkungen
common,myGroupImpact,Die Auswirkungen meiner Gruppe
common,myOrganizations,Meine Organisationen
common,name,Name
common,new,Neu
common,next,Weiter
common,no,Nein
common,nonprofits,Organisationen
common,ongoing,Fortlaufend
common,optional,(optional)
common,organization,Organisation
common,orgsThat,"Organisationen, die ..."
common,other,Sonstiges
common,overview,Überblick
common,participants,Teilnehmer
common,participation,Teilnahme
common,paycheck,Gehaltsabrechnung
common,payments,Zahlungen
common,payrollDeduction,Gehaltsabzug
common,payrollDeductions,Gehaltsabzüge
common,per,per
common,personalHours,Persönliche Stunden
common,phone,Telefonnummer
common,preview,Vorschau
common,previous,Vorherig
common,privacy,Privatsphäre
common,private,Privat
common,profile,Profil
common,program,Programm
common,programs,Programme
common,programIsNoLongerActive,Dieses Programm ist nicht mehr aktiv
common,projects,Projekte
common,projectHours,Projektstunden
common,public,Öffentlich
common,questions,Fragen
common,recordADonation,Zeichnen Sie ein Spende auf
common,remainingMatchFunds,Verfügbare passende Mittel
common,remainingMatchFundsExplanation,"Das ist der Restbetrag der passenden Geschenke, zu dem Sie in diesem Finanzjahr berechtigt sind."
common,requestAMatch,Verlangen Sie ein Übereinstimmung
common,roster,Dienstplan
common,save,Speichern
common,search,Suchen
common,select,Wählen
common,selected,Gewählt
common,selectAVolunteerProgram,Wähen Sie ein Freiwilligenprogramm
common,selectedNonprofit,Gewählte Organisation
common,selectOrganization,Wählen Sie eine Organisation
common,send,Senden
common,setagoal,Setzen Sie ein Ziel
common,settings,Einstellungen
common,setupPayrollDeduction,Gehaltsspenden
common,signOut,Abmelden
common,signUp,Registrieren
common,skills,Fähigkeiten
common,sponsor,Sponsor
common,startDate,Start-Datum
common,startTime,Startzeit
common,state,Zustand
common,status,Status
common,streetAddress,Straßen-Adresse
common,submission,Zeitpunkt der Einsendung
common,submit,Einsenden
common,subject,Betreff
common,timePlaceholder,HH:MM Vormittag / Nachmittag
common,title,Titel
common,text,Text
common,togoal,zum Ziel
common,total,Gesamt
common,totalGiving,Gesamte Spende
common,totalHours,Gesamte Stunden
common,totalImpact,Gesamte Auswirkung
common,openings,Freie Plätze
common,totalParticipation,Gesamte Teilnahme
common,tourTitle,Tour
common,type,Art
common,unlimited,Keine max
common,upload,Hochladen
common,users,Benutzer
common,viewFullDesctiption,Volle Beschreibung ansehen
common,volunteer,Freiwilliger
common,volunteers,Freiwillige
common,volunteerDate,Datum der freiwilligen Mitarbeit
common,volunteerGrants,Freiwilligen-Beihilfe
common,volunteering,Ehrenamtliche Mitarbeit
common,volunteerLater,Ich werde später ehrenamtlich mitarbeiten
common,volunteerNow,Jetzt ehrenamtlich mitarbeiten!
common,volunteerParticipation,Teilnahme der Freiwilligen
common,year,Jahr
common,yes,Ja
common,zipCityState,"Postleitzahl, Stadt oder Land"
company,pageTitle,Initiativen des Unternehmens
company,,
dashboard,apply,Anwenden
common,awards,Auszeichnungen
dashboard,claim,Beanspruchen
dashboard,claimNon,Beanspruchen Sie Ihre Organisation!
dashboard,dashboard,Dashboard
dashboard,faq,FAQs
dashboard,featuredPrograms,Ausgewählte Programme
dashboard,inProgress,In Bearbeitung
common,manage,Verwalten
dashboard,manageAll,Alles verwalten
dashboard,messages,Mitteilungen
dashboard,myNons,Meine Organisationen
dashboard,newMessageText,Sie haben %1 neue Mitteilungen
dashboard,noMessages,Sie haben derzeit keine Mitteilungen.
dashboard,noOrgAlert,"Beginnen Sie bitte damit, zuerst Ihre Organisation zu nennen!"
dashboard,payments,Zahlungen
dashboard,programs,Programme
common,requests,Anfragen
dashboard,requestStatus,"Sie haben noch keine Anfragen. Um mit einer Bewerbung zu beginnen, "
common,reports,Berichte
dashboard,stats,Statistiken
common,viewAll,Alle ansehen
dashboard,viewAvil,verfügbare Programme ansehen
donate,billingAddress,Rechnungsadresse
donate,cardNumber,Kartennummer
donate,cardExpirationDate,MM/JJJJ
common,city,Stadt
donate,clickUploadReceipt,"Klicken Sie hier, um Ihre Quittung hochzuladen"
common,country,Land
donate,cvCode,Sicherheitscode
donate,dedication,Widmen Sie dieses Geschenk einem Freund / einer Freundin oder einem geliebten Menschen
donate,donationDate,"Geben Sie das Datum an, an dem Sie die Spende geleistet haben"
donate,donationType,Art der Spende
donate,donateNowTooltip,"Leisten Sie mit Ihrer Kreditkarte eine Online-Spende und verlangen Sie ein Match, sofern berechtigt."
donate,enterHonoreeName,Deren Name
donate,expirationDate,Verfalldatum
donate,inHonorOf,Zu Ehren von
donate,inMemoryOf,In Erinnerung an
donate,givingProgram,Spenden-Programm
donate,makeAnonymously,Diese Spende soll anonym sein
donate,nameAsItAppears,"Der Name ist der gleiche, wie er auf der Karte erscheint"
common,nonprofit,Organisation
donate,pageTitleOnline,Jetzt spenden
donate,pageTitleOffline,Zeichnen Sie ein Spende auf
donate,pageTitlePayroll,Gehaltsabzug
donate,paymentDetails,Zahlungs-Details
donate,postalCode,Postanschrift
common,recipient,Empfänger
donate,recordDonationTooltip,"Tragen Sie eine Spende ein, die Sie woanders vorgenommen haben, und verlangen Sie eine Übereinstimmung (Match), sofern berechtigt."
donate,requestMatch,Verlangen Sie eine Übereinstimmung (Match)
donate,s,
donate,selectedNonprofit,Gewählte Organisation
donate,selectANonprofit,Wählen Sie eine Organisation
donate,selectedOrganization,Die gewählte Organisation ist für die folgenden Spendenprogramme qualifiziert
donate,selectGivingProgram,Wählen Sie bitte ein Spendenprogramm aus
donate,setupDeductionTooltip,Richten Sie einen neuen Gehaltsabzug ein.
common,specialInstructions,Besondere Anweisungen
donate,state,Zustand
donate,specificPurpose,"Bitten Sie die Organisation, die Spende für einen bestimmten Zweck zu verwenden"
donate,streetAddress,Straßen-Adresse
donate,toDonateSearch,"Wählen Sie bitte einen Empfänger für Ihre Spende - suchen sie nach Name, Ort oder Steur-ID."
donate,uploadReceipt,"Laden Sie eine Kopie der Quittung hoch, die Sie für diese Spende erhalten haben."
donate,validCardNumber,Gültige Kartennummer
emails,acceptedToGroup,Sie wurden für die Gruppe akzeptiert
emails,cancellationSpace1,"Bei Ihrem Projekt ist jetzt ein Platz frei geworden, weil einer Ihrer Teilnehmer gekündigt hat. Als Erinnerung, Sie haben auf der Warteliste für Ihr Projekt eine Anzahl von Teammitgliedern. Besuchen Sie bitte die"
emails,cancellationSpace2,"um Mitarbeiter aus Ihrer Warteliste hinzuzufügen. Sie werden eine E-Mail-Benachrichtigung erhalten, dass er / sie dem Projekt als Freiwillige / Freiwilliger  hinzugefügt wurden."
emails,congratulations,Herzlichen Glückwunsch!
emails,dear,Liebe(r)
emails,forgot_pwd_body,Wir haben eine Anweisung für die Zurücksetzung Ihres Passwortes erhalten. Das neue Vorübergehende lautet für die Anmeldung:
emails,forgot_pwd_link_text,Anmelden
emails,forgot_pwd_subject,Passwort-Zurücksetzungs-Antrag
emails,invitedBy,Sie wurden eingeladen von
emails,leader,Führer
emails,loginToRegister,Melden Sie sich bei dem Angestellten-Portal für diese spannende Gelegenheit an
emails,projectDate,Projekt-Datum
emails,signUpHere,Hier registrieren
emails,thankYou,Vielen Dank
emails,thanksAgain,Nochmals vielen Dank
emails,thankCoordinator,"Vielen Dank, dass Sie das Freiwilligen-Projekt koordinieren."
emails,verify_email_body,"Vielen Dank für Ihre Registrierung. Klicken Sie bitte auf den Link weiter unten, um Ihre E-Mail-Adresse zu überprüfen."
emails,verify_email_subject,Willkommen zu 'Good Done Great' (Gutes Großartig gemacht)
emails,volunteerFor,für die ehrenamtliche Mitarbeit bei
emails,volunteerProject,Freiwilligen-Projekt
feeds,ifYouWouldLikeToSearch,"Wenn Sie nach einer anderen Organisation suchen oder einem Mitarbeiter folgen möchten, klicken Sie bitte auf den entsprechenden Button weiter unten, um damit zu beginnen."
feeds,shareThoughts,Teilen Sie Ihre Gedanken ...
feeds,feedPromptGroup,Teilen Sie Ihre Gedanken ...
feeds,feedPromptNonprofit,Teilen Sie Ihre Gedanken ...
feeds,feedPromptProgram,Teilen Sie Ihre Gedanken ...
feeds,feedPromptProject,Teilen Sie Ihre Gedanken ...
feeds,filterAll,Alle
feeds,filterCompany,Firmen
feeds,filterCoworker,Mitarbeiter
feeds,filterCharity,Wohltätigkeitsorganisationen
feeds,filterProgram,Programme
feeds,filterProject,Projekte
feeds,filterGroup,Gruppen
feeds,me,Mich
feeds,msgYouAreNoLongerFollowing,Sie folgen {0} nicht mehr
feeds,msgYouAreNowFollowing,Sie folgen jetzt {0}
feeds,msgErrUnableToFollow,"Leider nicht möglich, derzeit {0} zu folgen"
feeds,msgErrUnableToUnFollow,Leider können sie {0} zu folgen nicht annullieren
feeds,msgNotFollowingAnyone,"Hier sehen Sie eine Liste der Leute, Organisationen, Programme, Projekte und Gruppen, denen Sie folgen. Wählen Sie eine der Optionen weiter unten, um eine Organisation oder einen Mitarbeiter zu finden, dann klicken Sie auf Folgen. Besuchen sie die Freiwilligen-Seite, um einen Freiwilligen-Projekt zu folgen oder gehen sie zu der Spenden-Seite, um einem Spenden-Programm zu folgen. Richten Sie auf Ihrer Benutzer-Profil-Seite eine Gruppe ein, sodass Sie und andere Gruppenmitglieder den Aktivitäten der Gruppe folgen können."
feeds,postYourComment,Senden Sie Ihren Kommentar ein
goals,createNew,Erstellen Sie ein neues Ziel
goals,iWantTo,Ich möchte
goals,in,in
goals,progress,Vorbereitung
goals,currentGoals,Aktuelle Ziele
goals,goal,Ziel
group,acceptInvite,Einladung annehmen
group,allCoworkers,Alle Mitarbeiter
group,allGroups,Alle Gruppen
group,approve,Bestätigen
group,cancelInvitation,Einladung stornieren
common,cancelRequest,Anfrage stornieren
group,createGroup,Gruppe erstellen
group,declineInvite,Einladung ablehnen
group,groupAdmin,Gruppen-Administrator:
group,groupDescription,Gruppenbeschreibung
group,groupMessage,Gruppen-Nachricht
group,groupName,Gruppenname
group,groupsNotExist,Die Gruppen sind nicht vorhanden
group,invitations,Einladungen
group,invite,Einladen
group,inviteGroupMembers,Gruppenmitglieder einladen
group,inviteMembers,Mitglieder einladen
group,leaveGroup,Gruppe verlassen
group,members,Mitglieder
group,membershipRequests,Mitgliedschaftsanfragen
group,messageMessage,Mitteilung
group,messageSend,Mitteilung senden
group,messageSubject,Betreff
group,myGroups,Meine Gruppen
group,newGroup,Neue Gruppe
group,newGroupMessage,Neue Gruppen-Nachricht
group,noCoworkers,Ihre Suche ergab 0 Ergebnisse
group,noInvitations,Derzeit gibt es keine Einladungen
group,noPending,"Wählen Sie „Find Coworkers” (Mitarbeiter finden), um nach Mitarbeitern zu suchen, die Sie in Ihre Gruppe einladen möchten."
group,participating,Teilnehmend
group,noRequests,Derzeit gibt es keine Mitgliedschaftsanfragen.
group,pendingInvitations,Einladungen entwerfen
group,reject,Ablehnen
common,remove,Entfernen
group,requestInvitation,Einladung anfordern
group,sendInvitations,Einladungen absenden
group,getYourGroupInvolved,Involvieren Sie Ihre Gruppe!
group,groupNoGivingMessage,"Ihre Gruppe ist noch nicht sehr aktiv gewesen. Während sie Spenden leisten und freiwillig mitarbeiten, können Sie zusammenfassende Informationen für jedes von ihnen unterstützte Programm ansehen."
home,search,Suchen
images,addAPhoto,Fügen Sie ein Foto hinzu
images,addPhoto,Foto hinzufügen
images,chooseAPhoto,Wählen Sie ein Foto
images,chooseADifferentPhoto,Wählen Sie ein anderes Foto
images,cropPhoto,Zuschneiden
images,deletePhoto,Foto löschen
images,enterATitleForThisImage,Geben Sie einen Titel für dieses Bild ein
images,loadingPhoto,Foto wird geladen ...
images,rotatePhoto,Rotieren
impact,noGivingTitle,Verfolgen Sie Ihre Wirkungen!
impact,noGivingMessage,"Ob Sie einer Organisation mit Geld helfen oder Ihre Zeit zur Verfügung stellen, es hat eine Auswirkung.  Während Sie weiterhin Ihrer Gemeinde etwas zurückgeben, helfen wird Ihnen dabei, Ihre persönlichen Beiträge zu verfolgen."
impact,noGivingGetStartedMessage,"Los, hinterlassen Sie einen Eindruck!"
impact,noGroupGivingTitle,Gruppenspende!
impact,noGroupGivingMessage,"Bei der Zusammenarbeit mit anderen Leuten können Sie mit Ihrer Spende einen noch größeren Eindruck hinterlassen. Derzeit gehören Sie noch keiner Gruppe an, die aktiv spendet. Wenn Sie einer Gruppe beigetreten sind, werden Sie sehen können, was Ihre Gruppe in diesem Jahr, im vergangen Jahr und im Laufe der Lebensdauer der Gruppe geleistet hat."
impact,noGroupGivingLastYearMessage,Leider gibt es für Ihre Gruppe keine Spenden-Informationen für das vergangen Jahr.
impact,yourTotalImpact,Ihre gesamten Leistungen
impact,lifetime,Lebensdauer
common,thisYear,Dieses Jahr
impact,lastYear,Vergangenes Jahr
impact,noGivingLastYearMessage,Leider gibt es für das vergangene Jahr keine Spenden-Informationen
manage,2013,2013
manage,2014,2014
manage,2015,2015
manage,approved,Genehmigt
manage,awarded,Zuerkannt
common,award,Auszeichnung
manage,awards,Auszeichnungen
manage,clickToUploadAgreement,"Klicken Sie hier, um die Vereinbarung hochzuladen"
manage,congratsMessage,Herzlichen Glückwunsch!  Sie erhielten eine Anerkennung in Form einer
manage,congratsMessage2,Beihilfe
manage,congratulationsString,"Herzlichen Glückwunsch zu dieser Anerkennung!  Damit die Zahlung erfolgen kann, müssen Sie zuerst eine Beihilfe-Vereinbarung herunterladen und ausfüllen"
manage,date,Datum
manage,decided,Entschieden
manage,draft,Entwurf
manage,grant,Beihilfe
manage,grantProgram,Beihilfe-Programm
manage,grantAgreement,"Haben Sie Ihre Vereinbarung bereits heruntergeladen und ausgefüllt?  Um sie einzureichen, laden Sie sie bitte hier hoch:"
manage,program,Programm
manage,incomplete,Unvollständig
manage,inReview,wird überprüft
manage,loi,ABSICHTSERKLÄRUNG
manage,loiDeclined,Absichtserklärung abgelehnt
manage,loiSubmitted,Absichtserklärung eingereicht
manage,nonprofit,Organisation
manage,organization,Organisation
manage,progressMessage,Ein Erfahrungsbericht ist fällig am
common,progressReport,Erfahrungsbericht
common,progressReports,Erfahrungsberichte
manage,reopened,Wieder eröffnet
common,request,Anfrage
manage,requests,Anfragen
manage,sponsor,Sponsor
manage,startReport,Bericht beginnen
manage,status,Status
manage,submit,Einsenden
common,submitted,Eingesandt
manage,thisYear,Dieses Jahr
manage,type,Art
manage,volunteer,Freiwilliger
message,archive,Archiv
message,body,Hauptteil
message,companyMessages,Firmen-Mitteilungen
message,delete,Löschen
message,from,Von
message,givingHistory,Spenden-Vergangenheit
message,goToVolunteerPage,Gehen Sie zu der Freiwilligen-Seite
message,inbox,Posteingang
message,manageGroup,Gruppe verwalten
message,manageProject,Projekt verwalten
message,markasread,als gelesen markieren
message,markasunread,als nicht gelesen markieren
message,messages,Mitteilungen
message,noMessages,Keine Mitteilungen
message,of,von
message,restore,Auf Posteingang wiederherstellen
message,searchForAnotherNPO,Nach einer anderen Organisation suchen
message,send,Senden
message,sent,Abgesandt
message,subject,Betreff
message,to,an
message,toCap,Um zu
message,viewGroup,Gruppe anzusehen
message,viewProject,Projekt anzusehen
message,viewProjectAndSignUp,Projekt anzusehen und sich zu registrieren
nonprofits,accepted,Angenommen
nonprofits,activities,Aktivitäten
nonprofits,affiliation,Partnerschaft
nonprofits,awards,Auszeichnungen
nonprofits,assets,Anlagewerte
nonprofits,claimFiscalSponsor,Verlangen Sie einen finanziellen Sponsor
nonprofits,contacts,Kontakte
nonprofits,date,Datum
nonprofits,deductibility,Abzugsfähigkeit
nonprofits,donateWell,DonateWell
nonprofits,donateWellButtonTooltip,Das Profil dieser Organisation unter 'DonateWell' ansehen und bearbeiten
nonprofits,exemptOrganizationStatus,Befreiter Organisationsstatus
nonprofits,filingRequirements,Einreichungs-Anforderungen
nonprofits,financials,Finanzdaten
nonprofits,fiscalSponsorInstructions,"Um im Namen einer Nicht-503(c) Organisation einen Antrag als finanzieller Sponsor zu stellen, müssen Sie einige Informationen über Ihre Organisation eintragen."
nonprofits,fiscalSponsors,Finanzieller Sponsor
nonprofits,fiscalYearEnd,Finanzjahr Endet
nonprofits,foundationStatus,Stiftungs-Status
nonprofits,grantProgram,Beihilfe-Programm
nonprofits,groupExemptionNumber,Gruppen-Ausnahme-Nummer
common,history,Vergangenheit
nonprofits,income,Einnahmen
nonprofits,lastTaxReturn,Letzte Steuererklärung
nonprofits,latestIRSFiling,Letzte Eingabe beim Finanzamt
common,mission,Mission
nonprofits,myNposHeader,Meine Organisation
nonprofits,newOrgSubmitButton,Organisation einrichten
nonprofits,newRequest,Neue Anfrage
nonprofits,noneClaimed,Sie haben noch keine Organisation gewählt.
nonprofits,nonprofit,Organisation
nonprofits,nonprofitFocus,Organisations-Fokus
nonprofits,nonprofits,Organisationen
nonprofits,opportunitiesToDonate,Möglichkeiten für Spenden
nonprofits,opportunitiesToVolunteer,Möglichkeiten für ehrenamtliche Mitarbeit
nonprofits,organization,Organisation
nonprofits,orgName,Name der Organisation
nonprofits,overview,Überblick
nonprofits,payments,Zahlungen
nonprofits,pub78,Status der Veröffentlichung 78
nonprofits,reports,Berichte
nonprofits,requested,Beantragt
nonprofits,requestName,Antragname
nonprofits,requests,Anfragen
nonprofits,revenue,Einnahmen
nonprofits,rulingDate,Urteils-Datum
nonprofits,searchPrompt,"Um Ihre Organisation zu finden, suchen Sie nach dem Namen, dem Ort oder der Steuer-ID."
nonprofits,status,Status
nonprofits,slider,Schieber
nonprofits,socialLinks,Soziale Links
nonprofits,socialStream,Soziale Streams
nonprofits,subsection,Unterbereich
nonprofits,type,Art
common,viewPrograms,Programme ansehen
nonprofits,year,Jahr
common,award,Name
payments,organization,Organisation
payments,payment,Zahlung
payments,paid,Bezahlt
profile,activePayrollDeductions,Aktive Gehaltsabzüge
profile,addNewDeduction,"Fügen sie einen neuen Gehaltsabzug hinzu, indem Sie unten nach einer Organisation suchen"
profile,addPayrollDeduction,Gehaltsabzug hinzufügen
profile,allGroups,Alle Gruppen
profile,amountToDonate,"Tragen Sie den Betrag ein, den Sie spenden möchten"
profile,cancelRequest,Anfrage stornieren
profile,changePassword,Passwort ändern
profile,changePic,Bild ändern
profile,city,Stadt
profile,clickPayrollDonateButton,Klicken Sie auf den Button für Gehaltsspende.
profile,confirmPassword,Bestätigen Sie das Passwort
profile,contactInfo,Kontaktinformationen
profile,country,Land
profile,createGroup,Richten Sie eine neue Gruppe ein
profile,currentPayrollDeductions,Aktuelle Gehaltsabzüge
profile,dedicateThisGift,Widmen Sie dieses Geschenk einem Freund / einer Freundin oder einem geliebten Menschen
profile,deductionsBeginOn,Die Gehaltsabzüge beginnen am
profile,doesNotMatch,passt nicht
profile,editProfilePic,Profil-Bild bearbeiten
profile,emailAddress,E-Mail-Adresse
profile,emailNotifications,Möchten Sie E-Mail-Benachrichtigungen an Ihre E-Mail-Adresse gesandt haben?
profile,enterHonoreeName,Tragen Sie den Namen des Empfängers hier ein
common,firstName,Vorname
profile,fullAddress,Vollständige Adresse
profile,goalsNotExist,Es gibt keine Ziele
common,description,Beschreibung
profile,groupName,Gruppenname
profile,groupPrivacy,Privatsphäre
profile,groupPrivacyToolTip,"Jeder kann die öffentlichen Gruppen sehen und ihnen beitreten. Gruppen auf Einladung können unter den Suchergebnissen gefunden werden, aber ohne Einladung kann ein Benutzer nicht beitreten. Private Gruppen kann man in den Suchergebnissen nicht finden und man kann ihnen nur auf eine Einladung beitreten."
profile,groupsHeader,Gruppen
profile,groupsNotExist,Die Gruppen sind nicht vorhanden
profile,invalid,Ungültig
profile,inHonorOf,Zu Ehren von
profile,inMemoryOf,In Erinnerung an
profile,inviteHeader,Gruppenmitglieder einladen
profile,isRequired,ist notwendig
profile,isToLong,ist zu lang
profile,joinGroup,Beitreten
common,lastName,Nachname
profile,leaveGroup,Gruppe verlassen
profile,makeDonationAnonymously,Diese Spende soll anonym sein
profile,middleName,Mittelname
profile,mobilePhone,Mobiltelefon
profile,myFiscalSponsors,Meine finanziellen Sponsoren
profile,myGroups,Meine Gruppen
profile,newGroup,Neue Gruppe
profile,newPassword,Neues Passwort
profile,noCurrentDeductions,Sie haben für dieses Programm noch keine Gehaltsabzüge eingerichtet.
profile,officePhone,Büro-Telefon
common,password,Passwort
profile,paychecksPerYear,Gehalt pro Jahr
profile,payrollDeductionProgram,Gehaltsabzug-Programm
profile,payrollDeductions,Gehaltsabzüge
profile,pendingInviteTitle,Ausstehende Einladungen
profile,personalInfo,Persönliche Informationen
profile,pleaseEnterValidEmail,Geben Sie bitte eine gültige E-Mail-Adresse ein
profile,pleaseSelectValidAddress,Wählen Sie bitte eine gültige Adresse
profile,profile,Profil
profile,profilePicture,Profilbild
profile,requestInvite,Einladung anfordern
profile,requestPending,Anfrage steht aus
profile,searchForNPOToDonate,"Suchen Sie in der Suchleiste unten eine Organisation, der Sie spenden möchten."
profile,selectNewProfPic,Wählen Sie ein neues Profilbild
profile,selectYourNPO,"Wählen Sie Ihre Organisation. Tragen Sie dann den Betrag ein, den Sie jedes Jahr spenden wollen und wir werden den vom Gehalt abzuziehenden Betrag kalkulieren."
profile,settingUpPayrollDeductions,Einrichten und Verwalten Ihrer Gehaltsabzugsspenden
profile,setupAPayrollDeduction,Einrichten eines Gehaltsabzugs
common,shirt,Hemdengröße
profile,specialInstructions,Besondere Anweisungen
profile,specificPurpose,"Bitten Sie die Organisation, die Spende für einen bestimmten Zweck zu verwenden"
profile,state,Staat
profile,street,Straße
profile,toDonatePleaseChoose,"Wählen Sie bitte einen Empfänger für Ihre Spende - suchen sie nach Name, Ort oder Steuer-ID,"
profile,toManageDeductions,um Ihre Gehaltsabzugspenden zu verwalten
profile,upcomingPayrollDeductions,Bevorstehende Gehaltsabzüge
profile,youHaveUntil,Sie haben bis
profile,youMayMakeChangesToDeductions,"Sie können Ihre Gehaltsabzügen ändern, bis zum Geschäftsschluss am"
profile,zip,Postleitzahl
search,adminEmail,Administrators E-Mail
search,cantFind,Können Sie nicht finden was Sie suchen?
search,cantFindOrg,Können Sie Ihre Organisation in den Ergebnissen nicht sehen?
search,checkAbbreviations,Suchen Sie nach Abkürzungen. Suchen Sie zum Beispiel nach 'Fa' anstelle von 'Firma'
search,contactOrgAdmin,"Der Administrator der Organisation wird 'DonateWell' kontaktieren müssen, um der Datenbank hinzugefügt zu werden. Mit dem untenstehenden ausgefüllten Formular können Sie ihnen mitteilen, dass sie mögliche Spenden verpassen"
common,datepickerPlaceholder,MM/TT/JJJJ HH:MM Vormittags/Nachmittags
search,doubleCheck,Überprüfen Sie die Schreibweise
search,donateNowButton,Jetzt spenden
search,enterYourQuestionHere,Geben Sie hier Ihre Frage ein
search,filter,Filter
search,followButton,Folgen
search,following,Folgen
search,globalSearchPlaceholder,Suche nach einer Organisation
search,myOrganizations,Meine Organisation
search,nonprofitFocus,Organisations-Fokus
search,notFollowing,Sie folgen nicht mehr
search,notFollowingMessage,"Wenn Sie einer Organisation folgen, werden Sie über deren Aktivitäten und Veranstaltungen auf dem Laufenden gehalten. Um einer Organisation zu folgen, klicken auf den Such-Button; haben Sie die Organisation, die Sie interessiert gefunden, klicken Sie auf Folgen."
search,notFollowingTitle,Sie folgen keiner Organisation.
search,notSupportedMessage,"Hier finden Sie eine Liste der Organisationen, die Sie in der Vergangenheit unterstützt haben, entweder mit ehrenamtlicher Mitarbeit oder mit Spenden oder auf eine andere Art. Beteiligen Sie sich noch heute - klicken Sie auf Suchen und finden Sie eine Organisation, der Sie helfen möchten."
search,notSupportedTitle,Sie haben keine Organisation unterstützt
search,nowFollowing,Sie folgen jetzt
search,orgName,Name der Organisation
search,orgNotInDatabase,Wenn sich die Organisation nicht in der Datenbank befindet
search,recordsPanelMessageCannotComplete,"Wir sind leider nicht in der Lage, derzeit Ihre Suche abzuschließen; versuchen Sie es bitte später noch einmal."
search,recordsPanelMessageNoResults,Ihre Suche ergab 0 Ergebnisse
search,recordsPanelMessageResultsHere,Ihre Suchergebnisse werden hier erscheinen ...
search,requestAMatch,Zeichnen Sie ein Spende auf
search,searchDatePlaceholder,MM/TT/JJJJ HH:MM Vormittags/Nachmittags
search,searchOneWord,Suchen mit einem Wort anstelle von zwei oder umgekehrt. Zum Beispiel:  'Foodbank' anstelle von 'Food Bank'. 'Food Bank' anstelle von 'Foodbank'
search,searchByOrg,Suchen Sie eine Organisation nach ihrer Steuer-ID.
search,searchCommon,Suchen
search,searchForNPO,Suche nach einer Organisation
search,searchForUser,Suche nach einem Mitarbeiter
search,searchLocationPlaceholder,"Straße, Stadt, Land und Postleitzahl"
search,searchPlaceholder,"Suchen Sie nach Name, Ort oder Steuer-ID."
search,searchUserPlaceholder,Suche nach Name
search,searchDonatePlaceholder,"Wählen Sie bitte einen Empfänger für Ihre Spende - suchen sie nach Name, Ort oder Steuer-ID."
search,searchVolunteerPlaceholder,"Um eine Organisation zu wählen, suchen Sie nach Name, Ort oder Steuer-ID."
search,searchVolunteers,Suche nach Freiwilligen
search,selectNPOForProject,"Wählen Sie eine Organisation für dieses Projekt - suchen Sie nach Name, Ort oder Steuer-ID."
search,sort,Sortieren
search,streetCityStateCountry,"Straße, Stadt, Land und Staat"
search,unFollow,Nicht mehr folgen
search,whenSearching,"Wenn nach einer Organisation gesucht wird, ist es wichtig daran zu denken, dass 'DonateWell' beim Finanzamt hinterlegte Informationen für die Überprüfung benutzt. Wenn Sie Schwierigkeiten bei der Suche nach einer Organisation haben, probieren Sie Folgendes"
signin,errorMsg1,"Benutzername oder Passwort verkehrt, probieren Sie es bitte erneut."
signin,forgotPwd,Passwort vergessen?
signin,loginNameLabel,E-Mail
signin,nonprofitWelcomeText,"Richten Sie Ihr Konto ein, nennen Sie Ihre Organisation, sehen Sie sich die Programme an und verwalten Sie die Anfragen. Beginnen Sie noch heute!"
common,signIn,Anmelden
signin,pwdLabel,Passwort
signin,signUpLink,Registrieren
signin,submitButton,Anmelden
signin,welcome,Herzlich willkommen
signup,downloadWaiver,Verzichtserklärung herunterladen
signup,pageTitle,Registrieren
signup,signInLink,Anmelden
signup,forgotPwd,Passwort vergessen?
signup,submitButton,Anmelden
signup,loginNameLabel,E-Mail
signup,pwdLabel,Passwort
volunteer,addCause,Ursache hinzufügen
volunteer,addCoordinator,Koordinator hinzufügen
volunteer,addSkill,Fähigkeit hinzufügen
volunteer,ageRestricted,Altersbeschränkung
volunteer,altAmountForEach,Bestätigen Sie bitte Ihre Beihilfe von
volunteer,amountForEach,Tragen Sie bitte den Betrag Ihrer Beihilfe ein:
volunteer,areYouSureCancel,"Sind Sie sicher, dass Sie Ihre Registrierung stornieren möchten, für"
volunteer,areYouSureSignUp,"Sind Sie sicher, dass Sie sich anmelden möchten für"
volunteer,assignment,Aufgabengebiet
volunteer,assignments,Aufgabengebiet
volunteer,attachWaiver,Fügen Sie eine Verzichts- oder Einverständniserklärung hinzu
volunteer,attributes,Merkmale
volunteer,availableGrantAmount,Gesamter verfügbarer Beihilfe-Betrag
volunteer,birthdate,Geburtsdatum
volunteer,cancelProject,Projekt stornieren
volunteer,cancelProjectRegistration,Projekt-Registrierung stornieren
volunteer,cause,Ursache
volunteer,causes,Ursachen
volunteer,checkBoxes,Checkboxen
volunteer,creatNewEntry,Neuen Eintrag einrichten
volunteer,coordinatorName,Name des Koordinators
volunteer,coordinators,Koordinatoren
volunteer,createdAt,Erstellt am
volunteer,createProject,Projekt einrichten
common,dateVolunteered,Datum der ehrenamtlichen Mitarbeit
volunteer,dateHoursVolunteered,Datum und Stunden der ehrenamtlichen Mitarbeit
volunteer,defaultAssignment,Standard-Aufgabengebiet
volunteer,denotesRequiredResponses,bezeichnet erforderliche Antworten.
volunteer,description,Beschreibung
volunteer,dontWorry,"Keine Angst, wir arbeiten daran. Schauen Sie später noch einmal nach."
volunteer,editHoursVolunteered,Stunden bearbeiten
volunteer,editHoursVolunteeredDesc,Tragen Sie bitte Ihre neue Stunden ein für
volunteer,email,E-Mail
volunteer,eligibleNonprofits,Ihre wählbaren Organisationen
volunteer,endDateAndTime,Enddatum und Zeit
volunteer,eventInformation,Veranstaltungsinformation
volunteer,featuredProjects,Ausgewählte Projekte
volunteer,filter,Filter
volunteer,firstName,Vorname
volunteer,fullProjectDesctiption,Vollständige Projektbeschreibung
volunteer,groupCreate,Gruppe erstellen
volunteer,groupDescription,Gruppenbeschreibung
volunteer,groupName,Gruppenname
volunteer,groupNewGroup,Neue Gruppe
volunteer,groupNewGroupDialog,Speichern der Teilnehmerliste als eine neue Gruppe.
volunteer,groupSaveGroup,Als Gruppe speichern
volunteer,guest,Gast
volunteer,invited,Eingeladen
volunteer,invitedNotInvited,Nicht eingeladen
volunteer,inviteSend,Einladungen absenden
volunteer,inviteVolunteers,Freiwillige einladen
volunteer,inviteUninvite,Nicht-Einladen
volunteer,joinWaitlist,Warteliste beitreten
volunteer,help,Hilfe!
volunteer,hoursVolunteered,Ehrenamtlich gearbeitete Stunden
volunteer,lastName,Nachname
volunteer,learnMore,Mehr erfahren
volunteer,leaveAll,Alle verlassen
volunteer,leaveAssignment,Aufgabengebiet verlassen
volunteer,leaveWaitlist,Warteliste verlassen
volunteer,loadingRegistrationInformation,Lade Registrierungs-Informationen ...
volunteer,logPersonalHours,Zeichne persönliche Stunden auf
volunteer,logHours,Zeichne Stunden auf
volunteer,maxParticipants,Maximale Teilnehmerzahl
volunteer,messagePlaceholder,Es war einmal ...
volunteer,messageVolunteers,Mitteilunge für Freiwillige
volunteer,minAge,Erforderliches Mindestalter von
volunteer,more,Mehr
volunteer,myGivingHistory,Meine in der Vergangenheit geleisteten Spenden
volunteer,myVolunteerism,Meine ehrenamtliche Mitarbeit
volunteer,myVolunteering,Meine ehrenamtliche Mitarbeit
volunteer,nameOfProject,Name des Freiwilligen-Projektes
common,suggestProject,Projekt vorschlagen
volunteer,newProjectMessage,Mitteilung über neues Projekt
volunteer,newQuestion,Neue Frage
volunteer,noAgeRestriction,Keine Altersbeschränkung
volunteer,noFamOrFriends,Freunde und Verwandte sind nicht erlaubt
volunteer,noFeaturedProjects,Noch keine aktuellen Projekte
volunteer,noFeaturedProjectsDesc,"Keine Angst, wir arbeiten daran.  Kommen Sie bald zurück!"
volunteer,noMaxVolunteers,Keine Max Freiwillige
volunteer,noQuestionnaireResponse,Dieser Benutzer hat keine Antworten für den Fragebogen eingesandt
volunteer,nonprofit,Organisation
volunteer,nonprofitFocus,Organisations-Fokus
volunteer,nonprofitSelection,Organisationswahl
volunteer,noProjectHours,Keine Projektstunden gefunden
volunteer,noRegister,Registrierung nicht notwendig
volunteer,ongoingProject,Fortlaufend
volunteer,openings,Freie Plätze
volunteer,options,Optionen
volunteer,optionalSurvey,Wollen Sie eine optionale Umfrage ausfüllen?
volunteer,otherSettings,Andere Einstellungen
volunteer,partners,Partner
volunteer,postYourComment,Kommentar absenden
volunteer,pickList,Auswahlliste
volunteer,pickListWithText,Auswahlliste mit Text
volunteer,pleaseFillOutQuestionnaire,"Füllen Sie bitte diesen Fragebogen aus, um die Registrierung abzuschließen."
volunteer,privacy,Privatsphäre
volunteer,privacyInviteOnly,Nur Eingeladene
volunteer,privacyPrivate,Privat
volunteer,privacyPublic,Öffentlich
volunteer,program,Programm
volunteer,project,Projekt
volunteer,projects,Projekte
volunteer,projectName,Projektname
volunteer,projectImage,Projektbild
volunteer,projectInfo,Projekt-Info
volunteer,projectDateAndLocation,Projektdatum & Lage
volunteer,projectDescription,Projektbeschreibung
volunteer,projectIsOngoing,Fortlaufendes Projekt
volunteer,projectsNearMe,Das Projekt befindet sich in meiner Nähe
volunteer,questionnaire,Fragebogen
volunteer,questionText,Textfragen
volunteer,questionType,Frage-Typ
volunteer,recommendedDimensions,Empfohlene Abmessungen: 850px x 315px
volunteer,rejectInvitation,Einladung ablehnen
volunteer,registered,Registriert
volunteer,registrations,Registrierungen
volunteer,responses,Antworten
volunteer,resultsFound,Gefundene Ergebnisse
volunteer,registeredBy,Registriert von
volunteer,selectAdditionalCoordinator,Zusätzlichen Koordinator wählen
volunteer,selectAssignmentToLeave,"Wählen Sie die Aufgabengebiete, die Sie verlassen möchten"
volunteer,selectNewCause,Neue Ursache wählen
volunteer,selectNewSkill,Neue Fähigkeiten wählen
volunteer,selectProgram,Programm wählen
volunteer,signedUp,Registrieren Sie sich
volunteer,signUpFor,Registrieren Sie sich für
volunteer,signUpDeadline,Registrierungs-Frist
volunteer,signUpQuestion,Registrierungs-Fragen
volunteer,skills,Fähigkeiten
volunteer,shirtSize,Hemdengröße
volunteer,selectAVolunteerProgram,Wähen Sie ein Freiwilligenprogramm
volunteer,selectYourAssignment,Wählen Sie Ihr Aufgabengebiet
volunteer,sponsorOrganization,Sponsor / Partner-Organisation
volunteer,startDateAndTime,Startdatum und Zeit
volunteer,submit,Einsenden
volunteer,survey,Umfrage
volunteer,surveyQuestion,Umfrage-Frage
volunteer,tellUsAboutYourExperience,Erzählen Sie uns etwas über Ihre Erfahrungen als Freiwilliger.
volunteer,thankYouForVolunteering,Vielen Dank für Ihre ehrenamtliche Tätigkeit bei
volunteer,thisAssignmentIsFull,Das Aufgabengebiet ist voll. Sie werden der Warteliste hinzugefügt.
volunteer,thisProjectWaiver,Für dieses Projekt wird eine Verzichtserklärung benötigt. Laden Sie es bitte herunter
volunteer,thereAreNoPrograms,"Derzeit gibt es keine mit diesem Programm assoziierten Projekte. Haben Sie eine Idee für ein Projekt? Klicken Sie auf „Neues Projekt"" und teilen Sie es uns mit."
volunteer,unlimited,Unbegrenzt
volunteer,upload,Hochladen
volunteer,volunteerGrants,Freiwilligen-Beihilfe
volunteer,volunteerNowTooltip,Jetzt ehrenamtlich mitarbeiten!
volunteer,volunteerProgram,Freiwilligen-Programm
volunteer,waitlist,Warteliste
volunteer,waitlisted,Auf die Warteliste gesetzt
volunteer,whatVolunteersDo,"Was tun Freiwillige, wem wird geholfen usw.?"
volunteer,willBeInvited,"(wird eingeladen, um"
volunteer,withinRadius,innerhalb von 40 km von
volunteer,youAreNotSignedUp,Sie sind für dieses Projekt nicht registriert
volunteer,youHaveBeenInvited,"Sie sind eingeladen, an diesem Projekt teilzunehmen. Antworten Sie bitte auf diese Einladung weiter unten"
